<player.Player object at 0x10cce6a90>,<player.Player object at 0x10ccda0b8>,<player.Player object at 0x10dda0518>,<player.Player object at 0x10ccdaac8>,<player.Player object at 0x10dda0a58>,<player.Player object at 0x10dda0b38>,<player.Player object at 0x10df358d0>,<player.Player object at 0x10df40b00>,<player.Player object at 0x10df40b38>,<player.Player object at 0x10df40b70>,<player.Player object at 0x10df40ba8>,<player.Player object at 0x10df40be0>,<player.Player object at 0x10df40c18>,<player.Player object at 0x10df40c50>,<player.Player object at 0x10df40c88>,<player.Player object at 0x10df40cc0>,<player.Player object at 0x10df40cf8>,<player.Player object at 0x10df40d30>,<player.Player object at 0x10df40d68>,<player.Player object at 0x10df40da0>,<player.Player object at 0x10df40dd8>,<player.Player object at 0x10df40e10>,<player.Player object at 0x10df40e48>,<player.Player object at 0x10df40e80>,<player.Player object at 0x10df40eb8>,<player.Player object at 0x10df40ef0>,<player.Player object at 0x10df40f28>,<player.Player object at 0x10df40f60>,<player.Player object at 0x10df40f98>,<player.Player object at 0x10df40fd0>,<player.Player object at 0x10df4f048>,<player.Player object at 0x10df4f080>,<player.Player object at 0x10df4f0b8>,<player.Player object at 0x10df4f0f0>,<player.Player object at 0x10df4f128>,<player.Player object at 0x10df4f160>,<player.Player object at 0x10df4f198>,<player.Player object at 0x10df4f1d0>,<player.Player object at 0x10df4f208>,<player.Player object at 0x10df4f240>,<player.Player object at 0x10df4f2b0>,<player.Player object at 0x10df4f278>,<player.Player object at 0x10df4f2e8>,<player.Player object at 0x10df4f320>,<player.Player object at 0x10df4f358>,<player.Player object at 0x10df4f390>,<player.Player object at 0x10df4f3c8>,<player.Player object at 0x10df4f400>,<player.Player object at 0x10df4f438>,<player.Player object at 0x10df4f470>,<player.Player object at 0x10df4f4a8>,<player.Player object at 0x10df4f4e0>,<player.Player object at 0x10df4f518>,<player.Player object at 0x10df4f550>,<player.Player object at 0x10df4f588>,<player.Player object at 0x10df4f5c0>,<player.Player object at 0x10df4f5f8>,<player.Player object at 0x10df4f630>,<player.Player object at 0x10df4f668>,<player.Player object at 0x10df4f6a0>,<player.Player object at 0x10df4f6d8>,<player.Player object at 0x10df4f710>,<player.Player object at 0x10df4f748>,<player.Player object at 0x10df4f780>,<player.Player object at 0x10df4f7b8>,<player.Player object at 0x10df4f7f0>,<player.Player object at 0x10df4f828>,<player.Player object at 0x10df4f860>,<player.Player object at 0x10df4f898>,<player.Player object at 0x10df4f8d0>,<player.Player object at 0x10df4f908>,<player.Player object at 0x10df4f940>,<player.Player object at 0x10df4f978>,<player.Player object at 0x10df4f9b0>,<player.Player object at 0x10df4f9e8>,<player.Player object at 0x10df4fa20>,<player.Player object at 0x10df4fa58>,<player.Player object at 0x10df4fa90>,<player.Player object at 0x10df4fac8>,<player.Player object at 0x10df4fb00>,<player.Player object at 0x10df4fb38>,<player.Player object at 0x10df4fb70>,<player.Player object at 0x10df4fba8>,<player.Player object at 0x10df4fbe0>,<player.Player object at 0x10df4fc18>,<player.Player object at 0x10df4fc50>,<player.Player object at 0x10df4fc88>,<player.Player object at 0x10df4fcc0>,<player.Player object at 0x10df4fcf8>,<player.Player object at 0x10df4fd30>,<player.Player object at 0x10df4fd68>,<player.Player object at 0x10df4fda0>,<player.Player object at 0x10df4fdd8>,<player.Player object at 0x10df4fe10>,<player.Player object at 0x10df4fe48>,<player.Player object at 0x10df4fe80>,<player.Player object at 0x10df4feb8>,<player.Player object at 0x10df4fef0>,<player.Player object at 0x10df4ff28>,<player.Player object at 0x10df4ff60>,<player.Player object at 0x10df4ff98>,<player.Player object at 0x10df4ffd0>,<player.Player object at 0x10df54048>,<player.Player object at 0x10df54080>,<player.Player object at 0x10df540b8>,<player.Player object at 0x10df540f0>,<player.Player object at 0x10df54128>,<player.Player object at 0x10df54160>,<player.Player object at 0x10df54198>,<player.Player object at 0x10df541d0>,<player.Player object at 0x10df54208>,<player.Player object at 0x10df54240>,<player.Player object at 0x10df54278>,<player.Player object at 0x10df542b0>,<player.Player object at 0x10df542e8>,<player.Player object at 0x10df54320>,<player.Player object at 0x10df54358>,<player.Player object at 0x10df54390>,<player.Player object at 0x10df543c8>,<player.Player object at 0x10df54400>,<player.Player object at 0x10df54438>,<player.Player object at 0x10df54470>,<player.Player object at 0x10df544a8>,<player.Player object at 0x10df544e0>,<player.Player object at 0x10df54518>,<player.Player object at 0x10df54550>,<player.Player object at 0x10df54588>,<player.Player object at 0x10df545c0>,<player.Player object at 0x10df545f8>,<player.Player object at 0x10df54630>,<player.Player object at 0x10df54668>,<player.Player object at 0x10df546a0>,<player.Player object at 0x10df546d8>,<player.Player object at 0x10df54710>,<player.Player object at 0x10df54748>,<player.Player object at 0x10df54780>,<player.Player object at 0x10df547b8>,<player.Player object at 0x10df547f0>,<player.Player object at 0x10df54828>,<player.Player object at 0x10df54860>,<player.Player object at 0x10df54898>,<player.Player object at 0x10df548d0>,<player.Player object at 0x10df54908>,<player.Player object at 0x10df54940>,<player.Player object at 0x10df54978>,<player.Player object at 0x10df549b0>,<player.Player object at 0x10df549e8>,<player.Player object at 0x10df54a20>,<player.Player object at 0x10df54a58>,<player.Player object at 0x10df54a90>,<player.Player object at 0x10df54ac8>,<player.Player object at 0x10df54b00>,<player.Player object at 0x10df54b38>,<player.Player object at 0x10df54b70>,<player.Player object at 0x10df54ba8>,<player.Player object at 0x10df54be0>,<player.Player object at 0x10df54c18>,<player.Player object at 0x10df54c50>,<player.Player object at 0x10df54c88>,<player.Player object at 0x10df54cc0>,<player.Player object at 0x10df54cf8>,<player.Player object at 0x10df54d30>,<player.Player object at 0x10df54d68>,<player.Player object at 0x10df54da0>,<player.Player object at 0x10df54dd8>,<player.Player object at 0x10df54e10>,<player.Player object at 0x10df54e48>,<player.Player object at 0x10df54e80>,<player.Player object at 0x10df54eb8>,<player.Player object at 0x10df54ef0>,<player.Player object at 0x10df54f28>,<player.Player object at 0x10df54f60>,<player.Player object at 0x10df54f98>,<player.Player object at 0x10df54fd0>,<player.Player object at 0x10df5a048>,<player.Player object at 0x10df5a080>,<player.Player object at 0x10df5a0b8>,<player.Player object at 0x10df5a0f0>,<player.Player object at 0x10df5a128>,<player.Player object at 0x10df5a160>,<player.Player object at 0x10df5a198>,<player.Player object at 0x10df5a1d0>,<player.Player object at 0x10df5a208>,<player.Player object at 0x10df5a240>,<player.Player object at 0x10df5a278>,<player.Player object at 0x10df5a2b0>,<player.Player object at 0x10df5a2e8>,<player.Player object at 0x10df5a320>,<player.Player object at 0x10df5a358>,<player.Player object at 0x10df5a390>,<player.Player object at 0x10df5a3c8>,<player.Player object at 0x10df5a400>,<player.Player object at 0x10df5a438>,<player.Player object at 0x10df5a470>,<player.Player object at 0x10df5a4a8>,<player.Player object at 0x10df5a4e0>,<player.Player object at 0x10df5a518>,<player.Player object at 0x10df5a550>,<player.Player object at 0x10df5a588>,<player.Player object at 0x10df5a5c0>,<player.Player object at 0x10df5a5f8>,<player.Player object at 0x10df5a630>,<player.Player object at 0x10df5a668>,<player.Player object at 0x10df5a6a0>,<player.Player object at 0x10df5a6d8>,<player.Player object at 0x10df5a710>,<player.Player object at 0x10df5a748>,<player.Player object at 0x10df5a780>,<player.Player object at 0x10df5a7b8>,<player.Player object at 0x10df5a7f0>,<player.Player object at 0x10df5a828>,<player.Player object at 0x10df5a860>,<player.Player object at 0x10df5a898>,<player.Player object at 0x10df5a8d0>,<player.Player object at 0x10df5a908>,<player.Player object at 0x10df5a940>,<player.Player object at 0x10df5a978>,<player.Player object at 0x10df5a9b0>,<player.Player object at 0x10df5a9e8>,<player.Player object at 0x10df5aa20>,<player.Player object at 0x10df5aa58>,<player.Player object at 0x10df5aa90>,<player.Player object at 0x10df5aac8>,<player.Player object at 0x10df5ab00>,<player.Player object at 0x10df5ab38>,<player.Player object at 0x10df5ab70>,<player.Player object at 0x10df5aba8>,<player.Player object at 0x10df5abe0>,<player.Player object at 0x10df5ac18>,<player.Player object at 0x10df5ac50>,<player.Player object at 0x10df5ac88>,<player.Player object at 0x10df5acc0>,<player.Player object at 0x10df5acf8>,<player.Player object at 0x10df5ad30>,<player.Player object at 0x10df5ad68>,<player.Player object at 0x10df5ada0>,<player.Player object at 0x10df5add8>,<player.Player object at 0x10df5ae10>,<player.Player object at 0x10df5ae48>,<player.Player object at 0x10df5ae80>,<player.Player object at 0x10df5aeb8>,<player.Player object at 0x10df5aef0>,<player.Player object at 0x10df5af28>,<player.Player object at 0x10df5af60>,<player.Player object at 0x10df5af98>,<player.Player object at 0x10df5afd0>,<player.Player object at 0x10df61048>,<player.Player object at 0x10df61080>,<player.Player object at 0x10df610b8>,<player.Player object at 0x10df610f0>,<player.Player object at 0x10df61128>,<player.Player object at 0x10df61160>,<player.Player object at 0x10df61198>,<player.Player object at 0x10df611d0>,<player.Player object at 0x10df61208>,<player.Player object at 0x10df61240>,<player.Player object at 0x10df61278>,<player.Player object at 0x10df612b0>,<player.Player object at 0x10df61320>,<player.Player object at 0x10df612e8>,<player.Player object at 0x10df61358>,<player.Player object at 0x10df61390>,<player.Player object at 0x10df613c8>,<player.Player object at 0x10df61400>,<player.Player object at 0x10df61438>,<player.Player object at 0x10df61470>,<player.Player object at 0x10df614a8>,<player.Player object at 0x10df614e0>,<player.Player object at 0x10df61518>,<player.Player object at 0x10df61550>,<player.Player object at 0x10df61588>,<player.Player object at 0x10df615c0>,<player.Player object at 0x10df615f8>,<player.Player object at 0x10df61630>,<player.Player object at 0x10df61668>,<player.Player object at 0x10df616a0>,<player.Player object at 0x10df61710>,<player.Player object at 0x10df616d8>,<player.Player object at 0x10df61748>,<player.Player object at 0x10df61780>,<player.Player object at 0x10df617b8>,<player.Player object at 0x10df617f0>,<player.Player object at 0x10df61828>,<player.Player object at 0x10df61860>,<player.Player object at 0x10df61898>,<player.Player object at 0x10df618d0>,<player.Player object at 0x10df61908>,<player.Player object at 0x10df61940>,<player.Player object at 0x10df61978>,<player.Player object at 0x10df619b0>,<player.Player object at 0x10df619e8>,<player.Player object at 0x10df61a20>,<player.Player object at 0x10df61a58>,<player.Player object at 0x10df61a90>,<player.Player object at 0x10df61ac8>,<player.Player object at 0x10df61b00>,<player.Player object at 0x10df61b38>,<player.Player object at 0x10df61b70>,<player.Player object at 0x10df61ba8>,<player.Player object at 0x10df61be0>,<player.Player object at 0x10df61c18>,<player.Player object at 0x10df61c50>,<player.Player object at 0x10df61c88>,<player.Player object at 0x10df61cc0>,<player.Player object at 0x10df61cf8>,<player.Player object at 0x10df61d30>,<player.Player object at 0x10df61d68>,<player.Player object at 0x10df61da0>,<player.Player object at 0x10df61e48>,<player.Player object at 0x10df61e10>,<player.Player object at 0x10df61e80>,<player.Player object at 0x10df61eb8>,<player.Player object at 0x10df61ef0>,<player.Player object at 0x10df61f28>,<player.Player object at 0x10df61f60>,<player.Player object at 0x10df61f98>,<player.Player object at 0x10df61fd0>,<player.Player object at 0x10df69048>,<player.Player object at 0x10df69080>,<player.Player object at 0x10df690b8>,<player.Player object at 0x10df690f0>,<player.Player object at 0x10df69128>,<player.Player object at 0x10df69160>,<player.Player object at 0x10df69198>,<player.Player object at 0x10df691d0>,<player.Player object at 0x10df69208>,<player.Player object at 0x10df69240>,<player.Player object at 0x10df69278>,<player.Player object at 0x10df692b0>,<player.Player object at 0x10df692e8>,<player.Player object at 0x10df69320>,<player.Player object at 0x10df69358>,<player.Player object at 0x10df69390>,<player.Player object at 0x10df693c8>,<player.Player object at 0x10df69400>,<player.Player object at 0x10df69438>,<player.Player object at 0x10df69470>,<player.Player object at 0x10df694a8>,<player.Player object at 0x10df694e0>,<player.Player object at 0x10df69518>,<player.Player object at 0x10df69550>,<player.Player object at 0x10df69588>,<player.Player object at 0x10df695c0>,<player.Player object at 0x10df695f8>,<player.Player object at 0x10df69630>,<player.Player object at 0x10df69668>,<player.Player object at 0x10df696a0>,<player.Player object at 0x10df696d8>,<player.Player object at 0x10df69710>,<player.Player object at 0x10df69748>,<player.Player object at 0x10df69780>,<player.Player object at 0x10df697b8>,<player.Player object at 0x10df697f0>,<player.Player object at 0x10df69828>,<player.Player object at 0x10df69860>,<player.Player object at 0x10df69898>,<player.Player object at 0x10df698d0>,<player.Player object at 0x10df69908>,<player.Player object at 0x10df69940>,<player.Player object at 0x10df699b0>,<player.Player object at 0x10df69978>,<player.Player object at 0x10df699e8>,<player.Player object at 0x10df69a20>,<player.Player object at 0x10df69a58>,<player.Player object at 0x10df69a90>,<player.Player object at 0x10df69ac8>,<player.Player object at 0x10df69b00>,<player.Player object at 0x10df69b38>,<player.Player object at 0x10df69b70>,<player.Player object at 0x10df69ba8>,<player.Player object at 0x10df69be0>,<player.Player object at 0x10df69c18>,<player.Player object at 0x10df69c50>,<player.Player object at 0x10df69cc0>,<player.Player object at 0x10df69c88>,<player.Player object at 0x10df69cf8>,<player.Player object at 0x10df69d30>,<player.Player object at 0x10df69d68>,<player.Player object at 0x10df69da0>,<player.Player object at 0x10df69dd8>,<player.Player object at 0x10df69e10>,<player.Player object at 0x10df69e48>,<player.Player object at 0x10df69e80>,<player.Player object at 0x10df69eb8>,<player.Player object at 0x10df69ef0>,<player.Player object at 0x10df69f28>,<player.Player object at 0x10df69f60>,<player.Player object at 0x10df69f98>,<player.Player object at 0x10df69fd0>,<player.Player object at 0x10df6e048>,<player.Player object at 0x10df6e080>,<player.Player object at 0x10df6e0b8>,<player.Player object at 0x10df6e128>,<player.Player object at 0x10df6e0f0>,<player.Player object at 0x10df6e160>,<player.Player object at 0x10df6e198>,<player.Player object at 0x10df6e1d0>,<player.Player object at 0x10df6e208>,<player.Player object at 0x10df6e240>,<player.Player object at 0x10df6e278>,<player.Player object at 0x10df6e2b0>,<player.Player object at 0x10df6e2e8>,<player.Player object at 0x10df6e320>,<player.Player object at 0x10df6e358>,<player.Player object at 0x10df6e390>,<player.Player object at 0x10df6e3c8>,<player.Player object at 0x10df6e400>,<player.Player object at 0x10df6e438>,<player.Player object at 0x10df6e470>,<player.Player object at 0x10df6e4a8>,<player.Player object at 0x10df6e4e0>,<player.Player object at 0x10df6e518>,<player.Player object at 0x10df6e550>,<player.Player object at 0x10df6e588>,<player.Player object at 0x10df6e5c0>,<player.Player object at 0x10df6e5f8>,<player.Player object at 0x10df6e630>,<player.Player object at 0x10df6e668>,<player.Player object at 0x10df6e6a0>,<player.Player object at 0x10df6e6d8>,<player.Player object at 0x10df6e710>,<player.Player object at 0x10df6e748>,<player.Player object at 0x10df6e7b8>,<player.Player object at 0x10df6e780>,<player.Player object at 0x10df6e7f0>,<player.Player object at 0x10df6e828>,<player.Player object at 0x10df6e860>,<player.Player object at 0x10df6e898>,<player.Player object at 0x10df6e8d0>,<player.Player object at 0x10df6e908>,<player.Player object at 0x10df6e940>,<player.Player object at 0x10df6e978>,<player.Player object at 0x10df6e9b0>,<player.Player object at 0x10df6e9e8>,<player.Player object at 0x10df6ea20>,<player.Player object at 0x10df6ea58>,<player.Player object at 0x10df6ea90>,<player.Player object at 0x10df6eac8>,<player.Player object at 0x10df6eb00>,<player.Player object at 0x10df6eb38>,<player.Player object at 0x10df6eba8>,<player.Player object at 0x10df6eb70>,<player.Player object at 0x10df6ebe0>,<player.Player object at 0x10df6ec18>,<player.Player object at 0x10df6ec50>,<player.Player object at 0x10df6ec88>,<player.Player object at 0x10df6ecc0>,<player.Player object at 0x10df6ed30>,<player.Player object at 0x10df6ecf8>,<player.Player object at 0x10df6eda0>,<player.Player object at 0x10df6ed68>,<player.Player object at 0x10df6edd8>,<player.Player object at 0x10df6ee10>,<player.Player object at 0x10df6ee48>,<player.Player object at 0x10df6ee80>,<player.Player object at 0x10df6eeb8>,<player.Player object at 0x10df6eef0>,<player.Player object at 0x10df6ef28>,<player.Player object at 0x10df6ef60>,<player.Player object at 0x10df6ef98>,<player.Player object at 0x10df6efd0>,<player.Player object at 0x10df75048>,<player.Player object at 0x10df75080>,<player.Player object at 0x10df750b8>,<player.Player object at 0x10df750f0>,<player.Player object at 0x10df75128>,<player.Player object at 0x10df75160>,<player.Player object at 0x10df75198>,<player.Player object at 0x10df751d0>,<player.Player object at 0x10df75208>,<player.Player object at 0x10df75240>,<player.Player object at 0x10df75278>,<player.Player object at 0x10df752e8>,<player.Player object at 0x10df752b0>,<player.Player object at 0x10df75320>,<player.Player object at 0x10df75358>,<player.Player object at 0x10df75390>,<player.Player object at 0x10df753c8>,<player.Player object at 0x10df75400>,<player.Player object at 0x10df75438>,<player.Player object at 0x10df75470>,<player.Player object at 0x10df754e0>,<player.Player object at 0x10df754a8>,<player.Player object at 0x10df75518>,<player.Player object at 0x10df75550>,<player.Player object at 0x10df75588>,<player.Player object at 0x10df755c0>,<player.Player object at 0x10df755f8>,<player.Player object at 0x10df75630>,<player.Player object at 0x10df75668>,<player.Player object at 0x10df756a0>,<player.Player object at 0x10df756d8>,<player.Player object at 0x10df75710>,<player.Player object at 0x10df75748>,<player.Player object at 0x10df75780>,<player.Player object at 0x10df757b8>,<player.Player object at 0x10df757f0>,<player.Player object at 0x10df75828>,<player.Player object at 0x10df75860>,<player.Player object at 0x10df75898>,<player.Player object at 0x10df758d0>,<player.Player object at 0x10df75908>,<player.Player object at 0x10df75978>,<player.Player object at 0x10df75940>,<player.Player object at 0x10df759b0>,<player.Player object at 0x10df759e8>,<player.Player object at 0x10df75a20>,<player.Player object at 0x10df75a58>,<player.Player object at 0x10df75a90>,<player.Player object at 0x10df75ac8>,<player.Player object at 0x10df75b00>,<player.Player object at 0x10df75b38>,<player.Player object at 0x10df75b70>,<player.Player object at 0x10df75ba8>,<player.Player object at 0x10df75be0>,<player.Player object at 0x10df75c18>,<player.Player object at 0x10df75c50>,<player.Player object at 0x10df75c88>,<player.Player object at 0x10df75cc0>,<player.Player object at 0x10df75cf8>,<player.Player object at 0x10df75d30>,<player.Player object at 0x10df75d68>,<player.Player object at 0x10df75da0>,<player.Player object at 0x10df75dd8>,<player.Player object at 0x10df75e10>,<player.Player object at 0x10df75e48>,<player.Player object at 0x10df75e80>,<player.Player object at 0x10df75eb8>,<player.Player object at 0x10df75ef0>,<player.Player object at 0x10df75f28>,<player.Player object at 0x10df75f60>,<player.Player object at 0x10df75f98>,<player.Player object at 0x10df75fd0>,<player.Player object at 0x10df7a048>,<player.Player object at 0x10df7a080>,<player.Player object at 0x10df7a0b8>,<player.Player object at 0x10df7a0f0>,<player.Player object at 0x10df7a128>,<player.Player object at 0x10df7a198>,<player.Player object at 0x10df7a160>,<player.Player object at 0x10df7a1d0>,<player.Player object at 0x10df7a208>,<player.Player object at 0x10df7a240>
84,107,125,0,137,68,0,79,109,109,50,126,132,73,103,144,103,95,90,94,161,91,95,128,102,95,101,91,0,80,84,114,106,144,166,0,108,0,84,94,75,112,78,96,64,103,101,87,111,97,81,0,73,95,107,82,91,0,66,75,82,115,0,102,133,67,108,87,107,87,92,88,79,91,113,85,57,128,47,113,90,95,94,81,100,0,73,0,96,75,101,69,91,69,93,85,112,63,96,84,0,79,106,75,82,65,44,101,77,94,0,43,52,47,65,100,97,85,79,0,71,79,82,83,66,0,85,0,0,73,83,67,92,88,109,64,54,90,84,0,84,93,79,84,53,106,0,66,0,61,0,71,0,81,43,68,25,0,92,120,0,51,87,105,52,0,82,66,86,81,94,87,90,54,84,48,73,69,70,61,68,118,88,0,81,71,98,0,0,61,78,83,72,98,115,0,0,0,0,69,111,0,0,88,93,84,81,58,72,87,73,69,68,0,0,50,23,0,45,65,76,49,0,50,0,46,76,45,79,90,0,107,66,81,52,62,0,83,0,0,71,36,70,66,63,54,48,57,66,43,86,76,0,0,0,0,31,77,71,74,72,72,83,75,55,62,55,47,34,45,92,84,83,0,0,0,0,0,62,0,68,0,0,79,0,85,0,61,0,30,0,38,65,25,53,41,0,41,47,62,59,0,63,58,42,0,42,0,0,58,40,0,0,84,0,54,67,79,60,0,30,45,43,0,0,51,48,0,57,67,34,42,68,77,62,46,59,26,0,44,0,84,0,68,67,45,0,46,32,46,59,0,0,0,0,60,0,53,0,0,0,78,60,0,79,0,55,50,65,54,0,64,0,56,0,52,48,0,0,54,64,40,63,30,80,0,30,0,71,0,33,0,0,109,26,0,0,70,0,39,0,43,0,62,29,63,0,65,47,0,0,79,37,64,67,0,51,40,103,0,37,89,0,0,0,67,0,55,0,49,38,0,0,66,50,39,65,0,44,66,71,83,0,0,0,0,0,66,0,26,0,50,0,0,50,0,0,0,39,55,65,46,20,0,0,0,0,0,40,0,17,0,0,0,36,42,0,52,0,0,53,49,39,0,0,0,0,63,0,0,0,21,0,41,49,0,29,0,83,0,23,32,56,58,32,0,20,0,0,68,0,33,50,0,0,0,0,49,42,58,59,0,0,67,52,0,34,36,57,0,0,46,39,0,42,0,21,53,0,0,0,25,0
112,124,152,0,79,113,0,68,109,133,99,127,101,130,134,138,119,93,108,71,50,146,108,111,0,109,116,73,0,66,96,83,122,110,115,103,111,0,94,100,101,123,142,73,0,83,97,113,96,79,59,0,25,96,94,85,94,0,93,98,55,66,0,115,106,89,80,85,93,88,97,116,84,88,46,58,74,90,55,129,128,68,89,0,121,0,118,0,79,91,107,73,92,108,81,60,44,83,75,70,0,119,63,112,106,98,114,81,62,75,0,0,85,115,114,96,76,91,96,0,89,79,79,106,49,73,64,73,0,60,84,75,68,104,121,58,91,73,67,65,82,86,49,99,46,59,0,72,0,60,0,102,0,81,85,103,0,0,66,65,0,67,95,63,62,0,66,10,131,94,97,106,71,69,69,63,61,67,53,97,96,71,92,0,81,66,107,0,0,88,82,75,100,89,82,0,76,0,0,75,54,0,0,50,80,93,63,65,68,98,48,34,76,0,0,76,82,0,63,105,48,69,0,115,0,61,81,54,48,102,0,72,73,54,58,60,41,75,0,0,54,40,63,38,71,88,82,0,69,81,92,83,0,42,0,0,102,39,58,55,62,76,45,35,39,72,82,61,101,73,50,81,0,0,0,0,57,72,64,0,64,0,0,63,0,95,0,76,0,65,0,74,94,0,49,12,0,68,55,103,74,0,93,69,69,0,66,0,0,25,0,48,0,65,0,84,65,48,70,0,42,57,66,0,0,33,0,0,73,55,0,0,45,66,53,57,71,0,87,44,0,42,0,82,63,73,0,41,38,56,0,0,0,0,0,57,46,73,0,0,65,103,42,0,71,0,50,52,78,57,0,52,18,103,0,60,54,0,0,33,69,56,61,50,82,0,93,0,49,32,60,0,0,52,36,0,0,54,0,61,0,75,0,67,83,42,0,27,69,51,57,69,67,25,41,0,39,52,74,61,64,43,0,0,0,75,0,77,0,68,87,0,0,0,106,30,45,0,57,85,90,62,0,0,80,0,0,0,0,32,0,33,0,0,34,0,0,0,50,69,57,74,51,0,0,0,0,0,31,0,55,0,0,45,38,25,0,58,0,0,63,0,77,0,41,0,0,37,0,0,0,76,0,40,55,0,0,0,48,0,42,33,0,77,38,0,26,0,0,55,0,53,40,0,0,0,0,42,56,29,17,0,0,53,24,0,51,39,44,50,0,19,47,0,43,0,29,32,0,0,0,60,35
122,132,98,97,118,107,100,85,128,162,95,120,101,82,132,118,78,93,79,106,108,135,103,129,0,101,121,71,0,118,107,110,132,120,43,122,93,0,108,68,109,94,49,72,0,84,60,108,116,95,68,69,0,125,114,64,90,82,116,96,98,84,66,104,93,82,81,107,107,54,61,49,89,84,94,121,104,67,66,93,86,70,85,105,129,0,52,0,67,72,89,147,72,98,69,90,142,80,73,102,0,79,84,110,85,84,57,127,81,103,0,71,91,81,94,62,46,95,78,0,60,102,74,75,84,73,82,82,0,0,0,71,46,72,61,136,107,64,117,95,74,101,95,73,76,67,0,56,70,76,0,50,0,80,108,62,0,46,93,55,0,74,96,120,72,0,48,0,97,95,64,119,0,73,81,77,96,84,67,101,52,97,57,0,64,104,96,0,44,75,55,104,87,61,84,0,46,0,0,121,66,0,89,60,76,58,0,32,58,98,107,88,33,0,0,59,47,0,0,66,84,57,0,65,0,81,51,79,37,86,0,66,61,0,69,80,73,3,0,0,0,85,60,79,74,52,93,63,91,95,48,42,0,45,0,0,45,88,50,44,55,51,77,111,66,80,0,78,50,71,65,32,0,0,0,0,68,64,0,0,0,82,78,49,0,75,0,48,0,79,56,0,66,0,97,0,0,69,66,53,83,0,76,66,54,0,23,0,85,75,0,17,0,73,0,35,82,69,57,0,83,68,24,0,70,0,0,0,89,53,0,0,43,57,49,50,41,0,22,102,0,59,0,62,80,48,0,47,0,48,0,0,0,0,0,67,85,64,0,0,38,70,56,0,47,74,61,66,52,46,47,51,0,42,0,61,47,0,0,47,66,0,70,106,44,0,63,0,73,67,43,38,0,64,62,0,0,37,0,117,0,58,0,29,60,37,51,0,60,44,0,46,66,57,73,0,82,104,51,55,26,33,0,0,31,29,43,0,0,53,36,0,0,51,35,0,52,59,25,52,31,46,34,0,36,0,0,0,0,43,0,40,0,0,0,0,0,0,38,41,64,69,27,0,0,0,0,0,40,0,47,0,0,37,54,49,0,27,0,0,30,0,31,0,34,72,0,28,0,0,0,47,0,46,47,0,24,0,0,0,54,55,0,30,78,0,0,0,0,41,0,44,25,0,0,0,0,31,0,59,42,0,0,61,55,0,0,42,0,31,35,55,38,0,48,0,27,57,0,0,0,41,38
153,109,82,134,116,125,114,67,83,124,128,122,104,108,66,109,0,126,81,92,112,139,95,116,0,89,163,105,0,76,90,114,0,77,132,88,58,0,124,82,99,108,65,64,0,115,92,103,95,135,0,84,0,108,87,128,76,116,68,105,97,85,78,97,65,53,108,119,87,127,81,132,124,149,86,105,67,98,79,71,0,93,94,107,79,52,105,0,101,73,79,85,115,79,95,0,83,82,73,71,0,108,111,55,77,75,71,91,75,96,0,92,0,77,70,73,81,113,67,105,75,0,128,73,125,72,71,116,0,0,0,92,99,97,121,69,99,96,113,84,94,79,91,71,57,70,72,86,49,90,0,58,0,73,56,81,0,51,71,47,0,73,86,37,60,0,77,0,10,37,59,108,0,85,82,62,70,81,45,48,62,63,105,0,59,78,44,0,63,67,95,92,56,71,88,0,0,0,0,44,48,0,41,68,102,88,0,83,67,80,106,54,79,53,0,31,72,93,0,82,45,88,0,62,0,67,76,62,60,104,55,0,67,0,99,59,45,0,68,0,0,60,68,72,50,72,69,76,0,69,49,44,0,93,80,0,56,94,70,64,67,79,80,86,74,62,82,51,72,58,97,83,0,0,0,0,98,67,79,64,0,32,84,63,0,46,74,65,0,0,43,119,55,84,98,95,0,54,79,32,53,0,76,71,86,41,77,0,81,83,66,81,0,83,0,55,63,50,33,0,139,0,49,0,59,0,0,86,0,85,0,93,0,33,50,35,55,70,0,52,58,54,60,46,47,66,0,72,0,59,0,0,52,0,0,55,82,79,0,0,60,77,66,0,41,59,53,55,37,82,40,50,0,60,53,69,50,0,0,43,44,69,46,36,47,0,56,61,49,0,0,68,54,55,57,0,36,88,0,63,0,64,0,0,51,71,55,0,0,44,0,0,37,74,51,0,82,45,18,80,70,62,0,0,52,87,0,57,0,87,9,0,0,54,61,89,64,0,70,69,61,30,57,0,53,0,0,64,0,32,0,42,0,0,0,0,0,0,66,69,51,33,44,0,0,0,0,0,40,0,60,0,0,0,23,22,0,48,0,0,43,23,50,0,47,35,0,0,0,0,71,57,0,50,36,0,35,0,38,0,69,26,0,0,16,0,26,0,0,33,0,32,12,0,0,0,0,67,0,26,51,0,0,20,52,0,0,0,0,18,0,33,29,0,19,0,33,30,0,0,0,27,25
78,100,120,115,84,97,106,84,114,104,143,135,108,114,104,79,92,123,93,88,126,76,86,83,82,82,93,74,0,111,78,126,93,125,94,53,121,0,105,105,127,65,103,37,0,94,101,141,88,104,110,77,0,97,123,100,103,56,79,86,113,90,116,79,85,101,55,113,118,75,95,92,122,111,53,101,32,117,40,60,95,66,79,105,104,106,76,86,68,93,93,69,128,66,110,0,62,55,0,67,0,0,96,86,0,75,77,113,58,105,81,118,0,93,78,104,104,110,46,91,89,96,120,65,85,65,93,89,0,0,0,60,90,84,95,86,78,46,0,76,70,0,64,56,91,0,87,109,61,101,69,50,0,106,77,106,0,0,113,74,98,0,43,65,111,0,51,0,0,69,81,72,73,85,79,0,73,82,87,72,0,92,76,0,75,61,96,0,116,61,82,106,43,44,62,0,0,0,0,62,83,0,75,71,68,37,0,61,75,101,86,68,18,78,0,70,85,95,0,51,98,81,0,105,0,78,76,77,60,76,0,0,66,0,99,62,74,0,68,0,0,69,89,60,94,72,56,65,79,75,78,57,84,92,86,0,62,72,0,83,68,90,98,65,47,48,47,86,42,82,70,72,0,0,87,0,58,120,71,74,0,37,26,58,0,20,68,104,0,0,75,95,74,56,74,0,71,59,40,0,73,0,69,35,52,64,45,0,80,74,79,65,0,103,60,86,81,25,48,56,62,90,93,36,74,92,46,63,0,86,0,99,0,128,72,106,71,47,0,58,42,78,38,66,32,73,0,76,0,69,0,0,72,55,0,76,62,60,0,0,46,60,87,0,53,83,72,35,0,49,0,68,0,52,70,43,41,0,0,73,60,49,62,56,28,0,68,83,69,0,67,47,62,0,62,0,0,43,0,91,0,89,0,0,32,44,42,0,0,0,0,0,86,41,55,0,52,101,0,25,63,84,0,0,75,45,0,59,0,0,0,0,0,37,34,33,43,0,67,73,54,47,37,0,55,0,0,50,0,90,0,66,0,0,51,0,0,0,30,53,46,115,36,0,0,0,0,58,55,0,32,0,0,0,0,0,0,67,0,0,38,55,52,0,34,43,0,0,0,0,58,57,0,17,77,29,52,0,0,57,41,57,68,0,25,0,41,0,0,59,0,27,0,0,0,0,0,31,0,0,45,0,39,66,24,0,0,47,0,34,0,9,24,0,36,0,0,0,0,62,0,24,43
123,91,105,91,130,112,113,82,102,39,108,85,105,106,138,127,124,99,148,75,115,108,130,85,125,72,99,101,0,105,90,137,134,82,107,0,99,0,87,100,136,122,116,105,103,101,86,73,87,84,68,81,145,0,99,122,72,120,120,99,70,66,98,124,60,87,118,74,105,0,92,91,109,100,106,78,100,76,42,96,100,96,62,67,104,70,93,71,87,108,107,110,68,57,108,0,101,91,0,87,0,0,116,71,83,66,82,103,83,104,83,96,0,82,108,79,90,46,58,83,64,0,82,82,119,106,110,111,68,0,0,64,45,87,97,87,96,106,73,77,50,41,81,88,124,0,91,86,89,119,71,90,0,91,80,76,0,0,51,95,90,0,0,71,55,0,64,0,0,78,65,57,93,46,71,0,83,60,80,78,0,70,101,0,100,48,55,0,122,54,73,71,98,62,75,69,0,0,0,94,64,0,54,83,68,0,0,49,82,54,75,68,27,72,0,99,95,50,0,69,53,0,78,26,75,48,88,62,0,91,86,0,51,0,55,78,76,0,68,0,0,90,55,100,72,71,87,86,0,58,60,84,0,53,79,0,141,103,0,104,51,81,96,86,0,93,63,77,74,91,23,93,61,0,61,0,81,83,62,82,0,0,35,98,0,0,0,59,0,0,53,25,55,68,47,0,72,82,42,0,74,0,69,53,0,68,58,0,113,0,75,55,0,86,45,92,60,42,0,47,67,53,54,63,82,45,0,92,0,76,0,68,63,59,44,35,39,102,43,64,0,35,0,62,46,53,0,44,78,91,0,0,89,69,61,62,89,77,0,0,68,67,55,0,22,63,62,54,58,59,0,49,0,56,0,68,43,50,0,45,57,58,55,37,0,0,16,0,93,42,81,47,53,50,43,0,0,77,48,62,0,35,62,0,38,76,0,0,0,65,0,0,50,71,40,0,24,0,0,58,48,34,0,0,58,0,0,44,75,0,0,47,82,0,38,51,0,0,52,58,59,61,48,0,65,0,0,54,50,55,0,41,0,46,33,0,0,0,52,55,28,35,77,0,0,0,0,0,57,0,0,0,0,0,0,29,0,43,0,43,57,0,61,0,24,44,0,0,0,0,0,45,0,65,96,0,34,0,0,51,28,54,56,0,60,0,60,0,0,53,0,49,0,69,0,0,0,75,44,83,29,33,32,27,38,0,25,0,0,52,0,0,46,0,40,0,0,38,0,6,0,0,41
99,99,120,144,105,121,0,145,93,0,104,93,120,97,38,108,124,98,126,136,82,84,120,116,63,128,111,146,0,72,128,76,83,105,69,113,113,0,72,80,104,80,103,83,81,95,88,77,71,57,79,120,102,91,89,86,117,49,103,125,75,0,98,98,116,112,97,81,99,120,115,106,79,60,45,67,105,97,33,75,64,99,88,123,65,107,67,0,72,80,101,109,57,96,116,0,83,125,115,81,0,0,65,120,0,45,62,85,72,58,0,63,0,0,84,0,60,88,0,88,101,53,41,0,112,111,101,46,70,0,91,72,0,87,31,112,75,94,57,90,58,86,74,86,78,0,99,91,57,78,89,73,0,58,96,82,0,54,102,111,114,0,0,90,0,0,102,60,0,109,102,39,0,43,88,0,77,47,103,71,0,88,86,0,74,104,95,0,58,59,77,65,27,0,76,51,0,0,0,74,71,0,89,90,71,69,0,85,79,77,92,89,90,51,0,67,116,70,82,107,49,0,40,53,0,91,105,53,109,82,68,0,72,78,44,65,34,0,56,0,0,90,46,42,76,83,65,61,0,51,64,67,80,42,61,0,0,59,0,63,54,99,44,60,85,74,80,67,48,93,0,67,79,0,76,0,54,49,47,96,0,0,81,73,0,0,0,49,0,0,71,0,90,56,39,76,59,72,33,0,88,0,34,78,0,104,58,0,64,0,62,68,0,85,0,36,55,125,50,53,35,56,61,45,46,0,0,60,0,54,0,81,74,3,100,98,104,90,88,84,62,58,0,54,45,50,0,31,0,52,0,0,42,76,55,28,20,0,0,81,50,36,65,0,33,65,43,51,0,50,0,56,0,48,0,70,57,64,0,58,34,37,43,42,0,0,68,0,52,100,44,61,34,30,0,0,63,64,0,31,0,65,41,67,86,69,44,54,66,84,0,0,51,68,37,0,68,0,68,61,57,49,0,0,55,0,67,0,60,0,0,43,33,0,69,0,0,0,74,47,0,59,45,0,43,0,0,14,40,40,31,0,0,0,58,0,0,0,52,0,0,55,24,69,0,0,0,0,74,0,62,0,33,0,0,36,0,79,0,30,0,0,80,0,0,40,0,0,0,0,40,50,0,50,55,0,62,0,0,76,58,37,26,0,55,0,76,0,0,27,0,35,0,73,0,40,0,36,44,38,47,59,53,36,73,0,10,0,0,64,0,0,57,0,46,38,50,45,0,47,0,0,0
149,98,116,108,96,91,115,127,95,0,136,72,53,161,96,113,111,75,90,134,76,91,142,98,113,87,115,97,0,83,112,0,72,130,149,68,141,0,92,99,87,123,105,89,62,105,74,125,90,110,81,74,106,105,97,94,112,0,124,64,95,0,0,89,94,83,59,70,57,63,104,123,102,68,96,65,75,103,72,54,0,79,90,106,76,87,108,0,117,75,70,47,79,71,81,101,86,77,68,0,0,98,116,82,107,80,67,108,124,62,71,68,102,73,80,0,95,80,0,75,77,0,0,0,91,49,63,111,113,0,0,107,0,63,0,69,110,80,91,52,41,70,125,76,0,0,43,0,0,96,93,84,0,87,73,95,0,0,46,37,59,0,0,93,84,0,107,71,52,0,63,83,0,83,87,76,83,88,56,95,0,75,78,0,111,71,76,61,83,69,114,88,80,108,35,63,0,0,0,72,64,58,96,91,8,85,0,96,56,69,71,79,60,109,0,89,70,78,67,51,70,0,0,83,52,83,81,62,62,54,76,0,36,0,70,56,94,0,69,0,0,56,49,100,66,59,61,0,0,96,59,67,0,73,0,0,0,91,57,63,0,37,51,76,77,48,81,47,0,94,0,78,89,0,54,0,62,65,0,65,37,0,89,38,0,0,0,78,0,0,60,0,46,88,88,60,64,42,72,71,52,0,70,42,0,57,68,0,0,71,109,109,0,53,0,56,95,92,95,62,58,36,76,69,58,0,0,11,0,56,64,81,0,49,38,68,66,46,74,64,101,33,0,68,68,53,0,65,0,54,0,0,70,67,70,68,0,44,65,44,0,34,31,0,76,59,37,61,0,54,44,58,0,0,0,56,80,99,0,85,0,107,56,81,0,0,45,0,90,92,51,94,52,0,81,0,95,50,0,0,0,43,73,64,41,48,53,0,50,65,71,0,86,46,0,0,63,71,74,55,82,36,0,0,67,44,65,33,45,0,0,46,73,0,50,0,67,0,2,69,0,32,0,0,47,51,0,24,41,77,82,24,0,0,39,0,0,0,76,0,0,53,30,50,0,0,0,36,61,0,66,0,0,0,73,82,0,71,0,0,69,0,38,0,0,52,0,0,0,0,30,61,0,0,36,60,69,0,0,22,42,55,0,-1,27,0,43,0,0,32,0,49,0,18,0,51,39,0,73,53,36,63,0,39,20,0,35,0,0,29,58,0,33,0,52,0,32,54,38,24,0,0,25
152,109,113,126,155,125,120,77,132,190,125,112,0,114,88,110,74,96,82,118,0,119,125,72,117,117,45,140,0,99,117,144,117,113,109,81,56,0,104,131,110,92,97,105,112,95,107,94,93,10,135,87,87,64,75,71,102,0,90,63,92,114,0,82,133,43,80,76,67,76,97,80,137,0,73,97,155,74,60,92,99,73,88,99,65,57,73,0,100,88,84,99,76,97,73,100,94,83,70,0,0,41,83,79,44,81,43,40,128,51,72,114,76,78,97,75,76,68,0,70,91,110,0,0,125,81,0,130,56,0,0,54,0,74,0,71,0,65,125,73,66,0,80,96,101,0,111,0,0,103,49,67,0,50,66,76,104,0,85,59,71,0,0,86,0,0,76,83,87,0,63,63,0,75,60,101,42,100,93,72,0,114,117,71,0,86,69,89,113,31,75,91,48,81,0,72,0,0,0,93,63,73,71,87,0,73,93,18,0,80,57,93,58,70,75,64,58,76,87,88,86,0,0,93,55,71,59,62,0,51,71,0,62,76,83,59,35,0,79,0,0,81,0,58,64,100,102,0,0,92,0,91,0,55,0,0,39,51,48,64,0,88,75,38,100,105,71,42,0,61,0,60,0,0,67,0,81,69,0,57,0,99,67,90,0,55,0,58,0,0,31,0,41,73,77,59,42,82,60,49,89,60,81,50,0,53,69,0,66,95,23,49,0,70,25,84,67,42,27,41,62,54,35,0,77,70,0,0,0,0,0,60,39,91,0,69,76,24,74,41,43,47,0,0,39,68,0,58,0,61,0,0,45,44,58,0,76,42,36,32,31,65,58,0,48,43,62,66,47,49,0,50,0,0,0,0,44,100,0,75,69,57,31,73,65,0,68,0,55,43,67,48,36,0,100,0,58,34,45,17,0,33,36,50,46,60,48,56,63,42,46,0,75,56,0,31,83,0,62,80,43,67,0,0,57,70,65,0,21,0,0,76,45,0,41,60,64,0,0,37,0,32,56,0,0,0,0,0,54,64,47,33,0,0,0,54,0,0,88,0,0,49,0,83,42,0,0,0,45,0,28,0,0,0,0,54,38,40,0,0,71,0,36,0,0,59,0,0,0,0,0,21,0,55,90,29,79,0,0,29,30,83,0,0,35,0,39,0,0,16,0,40,52,0,0,51,80,0,9,49,43,71,0,25,58,0,32,0,0,30,49,0,40,11,56,53,61,29,0,0,41,0,38
149,77,114,120,130,132,135,119,116,120,117,105,0,62,0,80,120,111,123,99,69,74,118,101,144,134,88,132,0,104,48,122,56,119,91,96,126,0,66,107,81,80,90,73,83,94,91,143,119,0,109,106,113,108,74,85,87,0,80,106,108,90,0,80,110,0,76,83,87,135,88,82,86,0,94,88,48,0,39,111,82,153,78,75,75,134,105,0,94,80,91,90,0,126,64,85,0,63,90,0,78,73,104,98,0,98,0,0,100,0,75,66,89,88,105,76,76,79,102,91,80,0,0,0,72,79,88,85,86,0,0,89,85,0,0,111,0,62,81,101,91,0,94,64,92,0,69,65,85,62,112,99,0,93,72,54,83,0,56,90,107,0,86,89,0,0,86,106,106,0,133,103,0,83,69,86,70,84,36,95,0,43,75,57,0,51,88,100,74,69,58,52,44,84,0,53,52,0,0,41,49,44,58,46,0,84,63,74,78,44,67,72,94,92,0,111,67,57,43,37,72,35,54,61,78,68,93,50,0,58,81,0,59,96,72,125,69,0,54,0,0,93,48,76,67,52,83,0,0,82,0,65,0,91,0,0,0,46,0,72,0,54,73,61,55,63,45,69,0,45,0,67,55,0,39,0,60,24,0,112,0,73,73,73,51,62,0,0,35,60,66,0,0,45,53,85,0,100,39,59,37,47,45,62,75,74,47,0,40,52,94,90,0,44,0,49,57,50,84,0,35,0,64,0,42,49,57,0,0,80,51,74,0,58,0,49,58,93,85,64,61,53,0,0,56,48,0,68,0,42,0,0,0,51,59,0,73,56,58,0,78,63,75,0,61,39,49,102,57,52,0,61,0,0,0,0,72,33,61,40,60,53,58,23,0,0,24,0,42,43,62,64,63,0,65,0,35,39,70,70,0,69,78,31,45,65,85,60,47,58,37,0,57,0,55,72,39,0,68,75,73,36,0,38,72,74,0,0,63,0,0,38,60,45,31,0,43,0,96,57,35,66,0,0,0,0,0,57,60,40,43,53,0,0,0,37,0,0,60,0,0,34,0,49,39,0,0,0,34,0,86,0,43,0,53,43,21,53,0,0,32,56,46,0,0,37,0,0,0,55,0,0,0,0,58,59,82,21,0,0,49,45,0,0,28,0,43,0,0,50,0,49,44,0,0,52,34,0,0,50,61,42,0,0,61,0,51,0,0,50,29,0,33,19,40,49,30,39,0,27,15,24,45
112,69,74,123,75,126,140,119,127,74,102,129,0,108,108,125,122,110,130,80,192,97,82,96,137,97,63,80,0,87,87,92,112,30,0,126,98,0,64,115,0,80,84,131,47,110,99,81,76,0,105,57,79,93,116,73,93,0,87,104,103,82,0,80,85,0,120,77,93,82,86,73,74,0,72,66,104,0,42,94,54,60,82,98,91,88,64,0,93,105,78,110,0,89,0,69,0,67,73,63,81,86,92,73,0,92,99,0,83,0,122,75,78,104,81,64,107,89,120,90,60,70,0,0,62,65,0,83,116,0,0,90,0,0,0,67,80,0,83,105,102,0,86,0,55,0,80,80,41,54,86,97,0,89,79,111,87,0,70,73,61,0,84,59,0,0,95,92,88,0,63,97,0,83,106,54,70,48,102,51,89,33,58,98,0,96,81,60,73,76,98,51,92,50,0,91,46,0,0,65,64,0,89,49,82,88,75,98,0,14,67,64,104,75,63,49,0,116,91,0,70,62,108,80,64,72,84,86,0,80,45,66,74,69,83,84,63,0,63,0,0,51,84,61,82,76,50,0,34,127,0,73,0,0,0,0,0,57,62,105,93,71,44,76,63,91,73,65,0,46,0,65,76,91,53,109,72,69,0,90,0,77,94,36,0,55,0,70,79,42,60,0,0,0,59,75,0,93,42,88,0,68,71,84,98,88,36,0,47,88,51,69,0,52,0,45,48,41,77,58,86,82,65,0,72,28,63,0,51,38,104,0,0,67,72,59,85,92,70,43,39,73,0,0,53,48,0,50,0,65,0,36,0,0,47,0,38,0,54,0,61,26,68,0,66,0,42,66,53,58,0,78,0,0,50,52,71,34,78,62,79,25,61,50,51,0,58,0,48,0,100,42,51,0,57,0,0,59,75,0,0,47,0,75,0,32,61,58,29,41,80,0,22,0,0,87,66,0,46,58,57,19,0,61,88,76,0,0,45,0,0,75,53,0,76,58,0,0,47,67,63,57,0,0,0,0,0,68,63,58,55,35,0,0,0,65,0,0,48,0,63,44,73,50,43,0,0,0,0,0,75,0,75,0,24,30,0,78,0,0,0,45,51,0,0,59,0,43,33,33,0,0,0,63,19,34,50,0,0,48,58,29,55,0,26,0,39,0,0,56,37,30,0,0,0,32,41,0,0,0,0,40,0,43,21,35,52,0,60,0,8,0,51,44,23,0,46,28,0,41,60,16,12
95,0,124,91,139,148,128,0,103,0,0,149,117,98,162,0,0,89,93,80,90,104,144,0,105,83,151,0,0,106,108,107,0,81,0,0,129,0,0,112,0,0,68,71,0,87,0,0,0,0,102,101,0,9,0,0,108,0,75,0,0,75,0,105,94,77,86,137,0,104,99,84,0,28,121,114,145,104,50,0,0,80,112,90,129,91,84,142,98,38,83,70,0,0,118,0,0,65,81,0,0,0,0,86,0,0,0,0,103,0,58,70,95,66,91,76,63,89,0,0,111,0,0,0,0,84,82,0,0,0,0,0,67,0,0,0,55,69,0,0,130,0,0,0,62,70,72,0,0,0,41,0,0,97,77,0,96,0,122,0,104,0,103,79,0,0,0,0,88,0,0,0,0,81,0,0,108,74,94,0,81,0,65,0,0,0,96,0,0,97,50,76,74,0,0,109,62,0,0,0,0,0,52,0,0,76,64,65,0,0,54,0,58,71,75,0,0,0,0,98,0,117,72,80,65,0,74,0,0,0,0,73,0,0,88,54,72,0,0,0,0,0,62,0,44,70,0,0,0,30,0,0,0,0,0,0,51,75,86,73,0,0,44,51,84,54,57,46,0,86,0,0,41,0,33,0,0,0,0,63,0,0,47,61,0,82,0,0,0,0,67,0,0,0,49,81,0,0,50,0,0,65,56,92,0,62,47,0,58,70,64,59,0,63,0,72,67,0,44,0,0,74,81,0,0,86,0,0,57,45,48,71,0,48,56,0,67,92,55,0,0,32,0,0,34,53,65,0,0,72,43,0,0,0,0,0,44,0,89,0,62,43,48,0,0,39,0,57,64,0,0,44,74,0,51,49,0,0,0,79,0,50,72,40,67,0,57,0,50,0,0,59,0,0,0,0,0,80,0,0,49,43,0,0,0,96,36,46,0,64,13,0,56,79,53,76,48,0,51,52,0,55,0,0,0,44,0,0,55,0,0,52,32,0,55,40,0,0,56,43,43,0,64,0,0,0,0,0,74,6,0,56,0,0,0,0,0,0,53,68,60,32,60,0,0,95,0,0,0,0,24,0,32,0,0,39,0,45,0,0,62,59,57,0,0,29,0,79,39,0,0,0,0,0,38,0,38,0,0,0,0,0,0,0,0,0,50,0,0,31,0,0,0,0,0,0,0,0,0,0,45,15,0,0,0,61,72,0,0,71,47,0,0,43,39,0,0,0,23,47,0,28,0
0,140,0,0,156,0,148,158,129,0,99,0,101,0,0,101,104,84,0,0,116,0,0,90,88,0,67,0,0,130,0,85,74,109,0,106,0,0,170,0,77,86,0,0,90,116,110,140,0,88,140,146,109,0,111,101,0,0,0,112,143,66,0,0,0,114,118,86,91,0,0,0,0,0,33,0,82,0,64,94,0,83,58,53,0,87,115,68,49,87,0,41,0,74,0,108,0,0,129,111,129,91,85,92,0,98,76,102,59,0,94,0,79,0,55,0,127,0,74,73,0,0,0,0,74,0,0,95,54,0,0,91,74,0,0,70,0,78,85,88,0,0,0,0,94,101,97,95,0,63,91,86,0,79,0,111,75,53,0,73,0,0,67,0,0,81,84,64,0,0,62,36,0,0,74,96,0,0,0,66,101,0,61,68,0,66,0,0,51,0,0,0,0,59,0,0,89,0,0,61,66,0,92,109,93,0,88,62,0,0,72,103,0,55,0,66,63,100,51,59,94,0,0,0,0,70,0,83,0,61,0,0,70,82,0,0,72,0,54,0,63,58,0,62,64,0,57,0,0,49,0,82,0,79,0,0,0,81,76,51,49,71,61,63,33,47,0,0,0,0,0,63,83,0,0,67,106,100,0,69,0,56,0,0,0,0,0,0,19,73,81,0,0,0,50,122,0,47,64,54,36,0,35,0,75,36,0,97,97,60,0,50,0,61,0,95,46,71,0,0,48,0,46,0,78,0,60,0,0,36,0,0,0,40,0,88,44,31,0,0,0,55,0,0,0,0,0,73,0,0,55,0,0,0,55,0,44,0,36,69,88,56,55,0,38,0,63,67,78,37,0,0,0,60,0,0,0,51,70,0,47,57,51,0,0,0,0,0,0,0,56,39,56,0,0,0,50,22,0,0,0,0,0,0,0,64,0,69,0,74,0,0,4,0,58,0,0,70,70,0,47,56,56,62,35,0,56,0,0,0,0,0,53,0,0,0,0,0,0,47,52,56,74,0,71,0,0,0,72,0,0,44,0,0,0,59,0,0,0,0,0,0,0,0,53,0,100,0,0,0,0,0,0,0,84,0,0,0,0,0,22,0,0,0,0,0,0,42,0,0,0,0,38,0,0,61,37,0,0,0,68,58,28,0,51,0,0,59,0,0,0,43,0,0,0,0,59,0,0,58,41,0,49,0,0,0,0,0,0,24,65,0,49,54,54,35,0,39,44,0,0,0,29
168,180,128,92,0,129,0,118,0,0,105,109,0,113,110,121,88,0,82,120,0,79,116,107,0,103,0,132,0,0,100,0,113,0,0,107,71,103,113,157,94,102,122,107,0,0,72,117,0,0,0,0,112,0,87,106,74,0,94,135,84,0,77,84,114,0,0,0,94,109,87,97,61,0,0,93,0,84,0,100,0,0,0,0,87,0,0,0,0,0,111,0,0,71,76,71,0,119,0,90,100,112,44,0,0,98,130,31,0,101,0,107,0,86,0,71,0,83,115,74,0,0,0,0,63,0,45,0,0,0,0,89,0,0,64,74,71,0,88,96,70,0,0,0,0,0,0,70,0,62,0,70,0,0,75,72,0,71,83,0,80,80,0,102,0,72,82,97,66,0,60,0,0,102,63,61,103,0,67,0,0,0,0,73,0,84,42,0,79,66,74,92,22,0,0,96,0,0,0,81,97,0,0,58,110,82,0,0,0,0,0,60,49,0,0,94,49,116,69,0,46,40,0,53,101,0,26,59,0,33,0,0,69,65,43,46,0,0,91,0,75,34,67,99,0,63,44,0,0,0,0,42,0,67,0,0,90,0,0,0,48,0,0,0,0,0,61,78,62,30,0,81,0,0,0,68,38,11,43,0,0,61,89,81,0,85,97,0,0,19,0,66,0,0,0,0,0,35,0,65,0,0,0,58,32,0,125,0,0,0,59,0,0,0,0,0,0,40,55,0,33,63,0,0,100,93,70,0,0,0,0,49,61,0,0,36,0,0,31,0,0,0,0,0,92,71,0,70,0,60,0,0,0,0,56,0,0,0,0,0,0,0,0,0,85,0,47,0,0,55,0,62,76,83,0,52,61,83,66,59,49,0,0,77,45,49,0,0,46,92,13,0,75,0,0,0,0,0,74,0,76,0,65,54,90,0,53,0,0,0,66,0,0,0,0,69,41,28,0,73,27,0,0,56,44,53,51,0,32,0,61,0,0,0,69,39,40,0,62,0,0,71,0,41,0,0,0,0,0,71,0,0,59,0,0,76,0,0,69,54,33,53,0,82,65,55,74,0,85,0,0,69,0,0,48,70,45,39,0,0,0,0,59,0,0,0,0,0,36,0,0,0,76,0,24,45,0,43,0,0,36,0,0,0,64,0,65,0,0,50,0,44,0,0,0,0,27,0,0,22,0,0,46,0,0,22,65,0,0,0,0,0,48,0,0,20,0,0,0,38,0,0,0
112,135,129,119,83,50,120,121,104,0,102,48,95,111,92,107,133,115,95,143,112,122,99,109,72,142,0,87,0,110,91,91,136,108,0,121,121,82,91,105,93,57,108,135,82,78,105,67,66,114,128,128,125,0,98,107,80,0,81,84,83,104,58,108,94,104,77,125,99,98,94,79,80,64,101,114,120,112,65,69,0,64,98,79,87,0,93,83,105,56,86,81,0,89,51,73,77,115,111,85,88,63,59,55,0,77,140,69,47,97,81,96,78,88,106,115,95,68,72,87,0,50,0,0,75,44,74,47,0,0,0,52,56,55,46,61,74,86,86,83,75,0,0,0,104,89,104,51,0,86,83,53,75,98,72,53,65,91,87,0,88,45,0,13,72,112,81,0,82,0,66,0,0,77,49,70,87,40,110,0,0,0,76,104,0,96,78,0,85,74,75,0,0,0,0,47,100,0,0,78,103,0,94,65,69,63,77,72,0,0,96,89,105,68,52,77,60,61,71,64,71,0,0,70,61,0,66,53,0,0,0,58,63,95,62,84,49,72,55,0,66,108,68,106,81,0,73,0,0,82,47,80,69,86,61,0,77,65,80,59,42,0,0,73,78,0,33,101,43,89,0,42,0,0,80,69,57,0,0,0,0,0,74,44,64,0,56,0,0,92,87,39,0,0,81,9,0,78,65,57,0,30,52,69,64,38,69,50,65,74,56,0,83,75,79,51,50,59,96,0,60,60,79,0,37,0,61,0,0,76,0,50,69,0,60,0,46,74,81,31,40,69,0,0,80,43,0,70,0,42,51,73,61,52,46,0,42,0,58,0,85,52,36,45,60,0,84,65,53,70,0,58,71,47,0,56,33,37,48,69,76,56,28,90,0,65,0,0,68,67,0,92,60,60,88,0,0,55,32,0,68,0,57,77,23,61,0,66,73,69,45,52,68,0,58,52,67,41,25,21,65,75,106,54,0,53,32,0,64,0,73,0,29,0,66,62,0,0,48,43,50,59,71,54,0,0,0,81,51,69,0,70,91,0,0,36,39,52,19,39,33,0,0,0,55,14,42,0,42,0,0,29,0,0,33,65,57,33,0,0,44,0,66,0,61,45,93,0,0,56,0,0,64,0,0,65,0,75,0,0,25,52,0,45,44,0,57,0,0,55,0,0,0,0,0,0,36,56,0,41,11,0,0,0,0,77,43,0,0,49,0,43,43,40,26,0,0,0,66,41,0,0,0
100,106,102,100,93,0,89,120,92,0,57,113,90,116,114,0,61,106,84,121,146,134,75,124,75,114,0,83,0,118,93,83,79,86,150,108,65,0,128,92,125,124,117,91,79,98,88,45,132,93,58,107,77,0,0,57,94,0,88,0,98,111,105,108,88,120,106,98,54,85,116,111,94,78,111,118,111,87,60,60,0,117,90,84,65,0,106,97,102,90,67,75,0,116,52,119,115,106,86,83,76,55,121,87,0,67,104,83,53,87,86,71,94,83,78,69,61,100,104,86,0,0,72,0,74,61,98,87,0,0,0,50,55,78,103,43,81,72,107,80,90,0,45,0,69,91,85,68,0,69,76,88,60,47,71,98,77,78,61,132,39,63,61,0,64,63,77,83,70,0,45,0,0,80,71,0,61,89,78,85,43,0,67,42,0,42,63,0,91,121,83,59,0,0,0,91,24,0,40,47,87,0,72,82,92,0,101,54,0,0,96,96,82,0,84,0,56,53,71,62,56,0,0,78,105,0,51,66,37,87,0,97,56,76,27,76,118,72,56,0,0,57,85,4,0,77,74,0,0,15,0,65,47,74,32,0,81,62,72,82,113,82,0,80,110,0,73,77,92,30,0,47,0,0,109,53,52,0,0,0,86,0,83,74,0,53,42,49,0,102,53,50,0,0,72,0,0,60,60,84,51,41,81,71,53,108,127,90,0,88,66,0,65,50,87,50,64,106,89,84,77,54,45,64,66,0,75,0,0,58,0,18,82,0,62,0,48,27,0,61,116,60,64,51,109,54,0,66,0,83,39,35,69,0,67,0,81,0,37,0,78,53,41,46,113,0,54,98,61,93,37,53,54,40,0,90,58,60,32,47,45,58,65,56,0,35,0,108,83,38,56,34,33,60,23,57,0,31,0,0,57,0,46,64,0,30,0,61,58,61,54,0,47,0,80,0,66,40,4,0,73,56,58,0,60,55,0,0,79,39,30,0,82,0,55,0,0,0,44,33,40,36,38,51,0,0,0,55,20,75,0,63,16,0,0,0,74,65,55,34,65,0,0,0,59,38,30,0,62,0,0,53,0,0,61,52,40,0,46,0,28,0,14,0,39,66,36,0,0,51,0,0,39,0,69,0,0,40,0,0,22,72,0,49,58,40,55,0,0,50,52,0,0,0,35,0,0,15,0,53,57,35,0,0,0,46,48,0,0,51,0,36,49,22,30,0,0,44,12,0,0,0,0
129,110,121,104,117,105,0,189,128,117,114,117,105,69,123,94,128,104,104,102,0,83,122,86,113,78,94,120,0,81,124,63,96,96,91,122,90,0,112,72,80,154,110,140,144,98,118,123,101,119,83,96,72,0,0,78,101,0,109,0,77,129,131,87,103,71,102,100,79,110,0,87,77,90,111,83,65,73,79,114,0,88,85,57,44,0,86,42,108,84,79,97,0,114,91,98,95,81,69,76,56,76,64,0,0,106,74,93,58,80,108,68,68,113,47,79,123,83,112,61,0,0,48,0,91,101,84,104,0,0,0,0,71,60,33,101,83,64,55,74,56,0,89,0,76,0,60,66,87,110,115,0,82,61,72,29,98,119,90,60,85,129,92,0,92,93,76,63,27,0,0,0,0,90,73,0,78,39,85,56,104,54,87,93,0,86,63,0,99,67,66,88,0,0,0,57,67,0,0,65,87,0,81,79,43,72,62,133,94,0,27,78,69,0,70,0,83,53,81,68,42,0,0,120,50,0,52,90,51,84,0,95,82,53,43,68,75,67,66,0,64,53,0,0,0,70,92,0,0,0,0,81,0,54,88,54,58,72,82,90,71,16,0,46,51,0,0,56,67,96,33,55,0,0,79,81,58,0,0,0,75,0,11,84,0,96,24,60,0,50,100,81,0,0,107,0,0,62,79,67,76,49,47,61,74,81,0,71,0,30,46,0,0,76,77,91,43,47,75,80,99,64,70,68,40,0,78,0,0,83,0,0,54,81,42,0,34,0,80,39,115,95,35,45,89,0,33,66,54,63,0,65,31,0,43,0,46,0,91,0,46,69,120,81,65,0,53,41,52,42,86,46,58,57,0,8,68,41,75,38,52,54,48,0,0,40,89,45,64,41,71,0,47,55,68,0,0,0,0,25,0,0,44,30,66,23,0,50,47,70,67,0,85,39,73,0,49,32,0,15,48,63,50,0,44,38,0,0,36,59,80,0,29,0,24,0,0,0,46,23,0,0,52,48,26,65,0,48,0,65,0,66,47,49,0,0,72,0,63,73,0,0,83,0,0,43,0,0,38,42,0,101,0,0,44,36,78,0,36,0,0,0,0,65,29,64,61,0,0,37,44,0,39,0,33,0,0,48,0,0,41,67,0,52,27,15,17,0,34,27,41,0,0,48,54,0,0,20,0,18,42,38,0,0,0,15,31,33,0,52,0,48,44,28,46,0,0,50,0,0,0,0,13
181,132,111,107,145,101,0,123,130,109,126,132,95,117,97,96,0,97,109,103,0,84,105,65,80,99,55,91,0,110,106,125,85,86,90,108,81,0,110,116,82,74,101,107,115,79,89,85,62,74,94,134,133,116,79,79,106,111,48,65,95,94,0,92,125,122,81,89,81,79,62,72,0,143,125,76,75,123,100,85,0,84,74,70,70,0,73,113,122,133,82,115,0,93,86,85,76,77,0,77,41,85,61,0,0,83,79,97,104,73,43,0,0,57,90,97,67,89,71,51,0,0,0,0,74,60,64,82,0,0,0,48,90,65,0,112,75,78,88,74,105,0,78,0,83,79,65,86,68,92,49,84,0,87,70,0,55,105,95,93,80,75,71,0,80,39,85,103,29,0,84,45,0,55,64,0,84,60,90,63,72,58,90,79,0,108,54,100,37,134,67,60,81,0,0,51,95,48,63,67,51,0,66,56,0,0,51,81,81,0,41,9,103,0,80,0,90,75,82,60,78,0,0,46,67,0,70,71,0,53,0,85,101,42,51,70,85,49,85,0,77,35,78,0,88,48,67,0,0,77,0,63,0,83,108,0,57,55,72,55,63,0,0,67,66,0,0,90,86,61,114,69,0,0,83,67,61,0,0,55,63,56,0,59,0,61,64,52,80,78,95,113,0,0,57,0,0,71,100,60,62,77,0,76,90,58,0,54,25,0,82,0,0,77,81,37,0,34,54,81,55,49,78,67,63,66,0,0,0,76,47,0,57,102,70,0,88,65,0,60,71,75,0,0,53,0,78,58,66,71,0,82,84,0,67,0,59,0,86,0,35,66,42,80,38,0,71,98,0,49,0,59,55,71,0,0,59,30,0,47,72,72,65,29,0,66,55,34,48,20,48,0,44,26,59,0,0,92,0,0,0,0,0,55,68,46,87,49,56,55,60,0,56,51,64,0,48,0,0,41,44,35,62,64,44,38,0,0,56,41,24,0,55,75,69,60,0,0,32,0,0,54,56,84,0,71,35,0,0,35,61,68,48,44,0,0,68,0,52,27,0,47,61,0,0,59,56,0,0,45,0,24,0,0,66,50,48,0,0,0,0,0,40,49,0,28,35,0,0,61,0,0,22,0,35,0,0,31,0,0,95,57,0,57,80,61,0,31,62,28,75,64,0,0,58,0,0,83,0,0,71,0,0,0,0,0,55,53,51,45,0,20,40,62,26,0,0,33,55,0,0,37,55
79,127,126,103,109,128,0,71,94,95,98,89,89,109,107,114,113,126,98,118,0,110,102,128,119,87,141,105,0,119,92,79,111,107,103,82,91,0,85,102,113,98,93,98,126,92,106,79,114,128,133,114,109,69,0,146,106,0,107,86,97,68,0,73,118,92,104,89,63,109,90,57,0,119,91,105,61,82,71,68,0,91,107,110,66,0,90,0,66,102,87,68,0,80,82,79,103,54,88,106,74,0,72,0,0,101,90,104,71,62,0,92,75,60,71,99,40,63,78,87,0,0,0,0,85,92,0,56,0,0,77,104,142,73,0,50,119,90,60,81,99,0,60,0,100,96,66,59,64,54,0,73,0,92,77,0,69,88,28,72,58,78,82,0,86,98,94,93,104,0,78,60,0,77,66,56,102,64,79,73,58,57,49,92,0,58,57,87,73,59,46,3,71,0,0,75,71,69,75,58,65,0,78,80,0,0,0,54,72,0,42,0,107,0,54,0,81,71,77,52,59,0,0,55,0,76,98,0,43,38,0,20,106,57,0,27,59,106,83,0,61,94,72,0,65,47,24,0,0,77,0,80,67,96,58,0,63,0,89,47,111,0,0,45,52,0,0,76,72,54,85,74,0,0,72,59,88,0,0,52,39,51,0,48,0,0,83,75,89,93,96,64,0,0,32,0,0,51,71,0,91,92,0,65,78,83,0,70,18,89,54,0,39,0,61,73,0,95,88,48,68,80,106,55,37,40,0,0,0,44,48,0,74,23,41,0,88,58,0,52,77,60,84,0,72,72,81,58,49,60,0,84,59,0,0,0,0,0,25,58,48,37,0,50,76,0,0,57,0,71,69,44,0,61,0,0,60,58,29,43,62,67,52,38,0,0,0,0,57,0,40,0,0,0,50,0,0,62,48,39,0,0,0,0,57,0,50,57,36,46,67,0,71,59,64,30,58,0,0,102,65,0,44,45,32,0,0,0,87,38,0,0,56,28,20,59,0,0,49,29,55,0,36,56,0,66,58,75,0,60,21,50,0,0,0,0,31,54,60,56,0,64,58,0,0,0,34,0,59,39,0,28,0,0,35,60,66,0,0,0,0,0,68,37,87,37,35,0,0,68,0,0,57,0,0,0,0,78,43,0,52,48,0,36,56,42,47,0,61,66,50,46,0,0,46,0,0,34,0,0,27,0,0,0,0,0,30,47,47,43,0,63,43,65,36,0,48,20,15,39,40,52,39
145,151,129,107,84,104,0,113,108,115,116,95,126,103,65,91,104,97,120,53,0,91,92,139,122,104,75,117,0,105,124,81,93,108,92,101,94,0,103,87,87,79,125,96,146,134,126,69,96,109,111,90,91,109,0,97,77,97,129,91,123,135,0,99,49,142,122,103,112,93,61,94,79,97,79,105,97,67,69,104,0,103,76,91,76,0,82,0,77,101,66,0,0,104,80,76,77,103,110,87,83,75,46,54,0,96,0,81,95,94,0,89,77,60,60,59,83,89,90,78,0,111,0,0,42,104,0,75,0,0,67,123,94,90,0,0,0,0,60,19,0,0,0,0,81,81,0,70,88,88,0,98,0,89,78,0,68,84,105,69,86,0,85,0,47,86,59,95,91,71,77,65,0,66,62,0,51,90,68,106,0,79,78,88,67,70,0,79,88,100,67,73,92,0,0,112,0,100,76,101,90,83,0,68,0,0,98,106,48,41,82,0,68,54,77,0,90,54,103,89,100,0,0,81,52,50,66,77,70,0,0,0,67,49,91,66,68,93,52,0,54,75,57,72,41,91,53,0,0,78,0,40,58,0,64,0,83,0,71,67,61,54,0,0,61,0,0,72,67,42,52,57,0,66,72,52,73,0,0,29,0,73,0,91,78,0,90,103,58,0,55,75,0,55,55,0,0,0,69,0,87,41,0,63,36,77,0,69,102,42,64,0,81,25,50,73,0,84,33,92,36,51,68,41,80,92,0,0,0,49,74,0,0,93,89,0,106,56,58,73,65,54,84,0,50,56,64,65,63,0,82,69,0,0,59,0,27,0,72,60,0,67,65,63,47,0,90,51,0,60,63,66,0,47,0,0,61,49,0,82,34,32,72,90,0,25,0,26,0,0,67,0,89,0,70,57,0,76,0,0,29,0,0,0,83,35,0,52,56,36,0,54,48,0,59,46,32,55,0,40,38,111,38,0,0,45,0,0,70,52,68,0,45,60,75,62,0,57,57,0,41,52,72,50,0,58,38,26,0,74,51,99,0,0,75,0,24,80,43,28,0,66,40,0,0,0,32,0,62,75,0,46,0,0,38,49,52,0,72,0,0,0,33,51,55,53,52,47,64,21,47,0,43,0,34,0,0,50,45,0,49,54,0,33,44,25,44,43,52,55,37,43,0,0,0,0,0,0,0,29,0,0,0,0,0,0,0,0,35,14,0,38,29,47,0,0,38,49,28,28,0,38,32
105,132,107,106,110,90,0,123,122,102,141,104,151,130,114,59,121,109,99,130,0,74,104,100,80,104,126,85,0,113,123,81,88,79,71,78,103,117,95,53,92,120,75,158,142,103,117,82,82,97,0,0,107,90,59,112,89,98,95,0,56,109,96,80,95,102,0,69,105,86,75,101,65,83,122,105,92,91,57,88,0,95,70,64,106,0,111,0,50,65,100,41,0,104,117,89,74,90,44,112,91,79,112,0,0,0,0,0,97,66,85,74,54,79,89,40,61,65,75,75,0,102,0,0,53,89,0,103,0,95,0,103,122,121,0,0,0,130,53,0,83,0,0,0,74,146,83,99,105,94,0,69,0,81,82,0,101,99,54,62,63,91,62,0,74,73,64,70,64,64,0,0,105,89,79,81,46,127,49,81,0,86,45,94,52,42,72,77,42,95,61,112,84,73,89,73,0,71,92,95,79,72,32,55,0,60,41,27,72,98,43,0,120,81,0,0,80,49,59,23,76,0,0,100,70,87,105,79,60,74,0,0,86,87,113,79,100,78,77,93,80,87,53,87,0,65,68,0,0,0,0,0,68,44,43,0,81,0,55,70,79,104,0,45,48,0,0,85,0,97,60,66,0,75,71,66,45,0,0,70,89,59,52,84,100,0,96,70,94,59,53,41,0,66,82,0,101,0,57,0,27,109,78,50,83,23,0,79,37,47,71,0,48,24,57,58,0,84,0,54,56,35,43,73,55,66,0,79,0,85,86,0,0,36,53,0,63,34,48,83,43,81,59,0,63,74,53,76,39,0,70,32,42,0,45,0,80,0,75,66,0,39,47,49,48,0,55,0,0,73,66,78,56,70,0,0,82,47,0,61,0,46,65,70,0,74,0,0,24,0,0,0,80,0,33,53,0,57,0,0,0,0,0,0,58,48,0,51,0,48,0,27,49,0,44,32,44,28,0,25,68,27,36,0,0,69,0,54,52,77,75,0,46,82,52,60,0,70,44,0,0,0,28,45,0,44,61,75,0,48,45,54,0,0,77,44,51,46,51,0,0,47,56,0,0,0,28,0,45,50,0,0,0,0,52,69,48,72,69,0,50,0,31,37,62,29,27,0,75,0,0,0,67,54,0,0,0,28,36,0,41,64,0,74,61,73,56,53,32,50,17,61,0,0,34,0,0,45,0,0,0,0,0,0,0,0,0,0,33,39,0,63,39,22,0,0,47,13,0,36,24,42,0
90,107,92,104,111,111,75,150,93,109,124,81,74,96,116,104,78,97,137,94,0,101,73,95,124,89,69,117,0,104,71,100,82,60,48,108,75,92,106,94,112,92,106,126,99,74,134,62,108,106,130,48,89,135,86,99,92,99,109,0,131,110,74,93,42,102,0,67,118,56,125,89,107,100,106,74,111,58,47,103,0,127,117,99,113,0,94,0,90,119,83,0,0,8,99,63,60,93,0,85,129,89,47,0,0,0,0,57,76,0,103,74,105,123,101,78,0,79,63,89,0,60,0,0,89,99,0,70,0,59,0,97,90,70,0,0,0,71,17,74,84,0,0,0,55,39,54,0,128,46,0,0,0,64,130,67,56,73,63,48,38,88,42,0,132,51,85,69,90,0,87,0,43,81,63,102,57,90,73,59,0,106,61,53,79,69,88,40,54,36,55,66,98,0,0,106,111,76,90,64,73,84,0,87,47,35,0,125,0,47,91,0,55,49,79,0,59,0,45,123,99,0,0,54,64,73,58,90,117,60,75,0,70,76,98,97,64,60,90,50,92,82,64,57,0,77,60,0,0,0,0,92,0,74,0,74,73,0,35,65,42,62,0,96,119,67,0,82,0,64,65,64,0,51,66,0,92,0,100,33,72,78,67,94,35,0,12,46,73,75,98,89,0,69,38,0,71,0,47,0,63,57,77,79,43,63,0,35,0,75,77,0,0,45,82,38,0,71,0,0,62,73,64,80,58,57,0,43,0,46,31,44,78,86,83,0,54,0,60,89,60,59,0,0,53,64,54,56,77,35,63,0,57,0,80,0,72,0,53,54,0,50,57,53,61,0,71,59,0,59,69,75,0,26,0,0,43,74,0,51,38,71,85,51,0,62,0,0,48,0,0,0,72,82,51,90,0,0,0,0,0,76,0,0,44,71,0,57,45,50,0,0,39,0,45,0,0,54,0,51,56,76,39,0,0,64,0,0,79,66,54,0,89,55,60,63,0,42,92,79,0,0,81,41,0,32,66,48,0,50,72,51,0,66,28,0,47,43,32,0,0,25,49,0,0,0,48,64,55,0,0,0,0,68,66,81,0,11,22,54,74,55,36,44,34,55,45,0,58,39,50,0,61,0,0,0,0,59,39,0,67,49,38,67,61,86,45,46,47,13,58,31,45,0,0,0,0,0,0,0,0,0,0,0,0,0,52,0,39,58,0,50,32,50,0,0,0,38,32,0,0,51,38
149,109,109,129,104,154,120,106,62,118,92,93,150,112,150,81,102,154,108,135,0,162,88,125,100,108,136,110,0,89,0,81,108,116,68,92,87,99,55,96,81,105,93,89,0,94,67,112,120,123,68,0,58,110,0,103,103,123,99,0,81,74,123,111,87,91,0,94,110,92,102,87,88,84,99,57,94,61,48,78,0,60,124,87,85,0,65,0,79,100,92,154,0,89,121,94,75,93,0,77,85,116,93,0,0,0,92,17,108,0,79,107,105,76,39,65,0,60,43,106,0,58,0,0,62,0,96,50,0,115,0,89,58,65,0,0,0,77,0,100,64,0,0,0,85,66,0,90,106,59,72,103,0,26,51,50,76,71,68,110,60,83,64,0,80,72,70,73,110,0,79,0,57,93,104,103,82,70,71,0,0,47,89,35,54,87,108,53,45,74,89,63,50,0,0,65,107,72,0,70,62,61,0,68,53,80,0,84,74,84,79,0,46,80,88,72,77,0,86,66,79,107,0,72,65,72,23,116,113,30,70,39,73,65,56,68,80,87,75,111,0,88,85,61,0,57,92,0,0,69,93,39,0,39,49,77,57,21,74,24,72,40,0,67,39,82,97,42,79,59,57,60,30,48,23,37,28,0,0,88,0,88,40,41,0,0,0,56,98,103,6,57,0,96,74,0,75,0,48,0,0,94,68,64,52,38,0,22,73,88,65,0,0,33,54,75,0,54,0,0,91,80,0,87,46,0,0,0,45,53,88,36,55,33,69,0,62,72,60,67,26,77,0,0,27,69,51,61,89,54,75,0,0,0,78,0,55,42,49,66,0,79,56,59,57,0,46,20,0,0,0,47,0,0,0,40,68,0,68,61,0,56,36,74,0,92,0,38,27,0,0,0,53,33,35,24,0,33,0,0,0,41,0,0,68,90,0,64,60,38,0,59,0,66,50,0,52,0,0,56,53,38,0,0,0,44,0,0,34,46,80,0,53,38,84,54,0,52,0,40,0,0,53,59,0,36,59,40,0,44,68,61,0,55,74,43,59,21,40,0,0,30,62,0,0,0,61,41,43,0,0,0,66,59,68,53,0,0,0,32,45,48,0,69,84,75,70,0,34,63,47,0,25,0,35,0,28,58,0,0,37,25,0,49,57,53,28,0,35,74,0,62,97,20,0,0,0,0,0,0,48,0,0,0,0,0,36,0,28,0,0,44,37,41,0,0,0,17,56,0,0,34,33
